split,accuracy,precision_macro,recall_macro,f1_macro
valid,0.864280,0.865466,0.855396,0.858441
test,0.827286,0.831459,0.833813,0.829181
