split,accuracy,precision_macro,recall_macro,f1_macro
valid,0.886652,0.890959,0.877029,0.881545
test,0.859216,0.864406,0.861111,0.860659
