split,accuracy,precision_macro,recall_macro,f1_macro
valid,0.877703,0.881181,0.866710,0.871897
test,0.863570,0.868203,0.863429,0.863534
